zone_type,perfect_orders,n_zones
Wealthy,0.9042698181378378,74
Non Wealthy,0.8665948675495614,228
